﻿<?xml version="1.0" encoding="utf-8"?>
<Solution xmlns="http://schemas.microsoft.com/sharepoint/" SolutionId="6130dae1-a782-4331-9127-d7786eb628e2" SharePointProductVersion="14.0">
  <Assemblies>
    <Assembly Location="Atkins.Intranet.HR.dll" DeploymentTarget="GlobalAssemblyCache" />
  </Assemblies>
  <TemplateFiles>
    <TemplateFile Location="Layouts\Atkins.Intranet.HR\ContactDispForm.aspx" />
    <TemplateFile Location="Images\Atkins.Intranet.HR\Printer-icon.png" />
    <TemplateFile Location="Images\Atkins.Intranet.HR\printer_green.png" />
  </TemplateFiles>
  <FeatureManifests>
    <FeatureManifest Location="Atkins.Intranet.HR_Atkins.Intranet.HR.Lists\Feature.xml" />
    <FeatureManifest Location="Atkins.Intranet.HR_Atkins.Intranet.HR.ListEventReceivers\Feature.xml" />
    <FeatureManifest Location="Atkins.Intranet.HR_Atkins.Intranet.HR.Print\Feature.xml" />
    <FeatureManifest Location="Atkins.Intranet.HR_Atkins.Intranet.HR.AddWebparts\Feature.xml" />
  </FeatureManifests>
</Solution>