<?xml version="1.0" encoding="utf-8"?>
<Solution xmlns="http://schemas.microsoft.com/sharepoint/" SolutionId="2f01c0ea-6292-4af5-83fe-9bf8dafd4e1d" SharePointProductVersion="14.0">
  <Assemblies>
    <Assembly Location="Atkins.Intranet.SampleData.dll" DeploymentTarget="GlobalAssemblyCache" />
  </Assemblies>
  <TemplateFiles>
    <TemplateFile Location="Layouts\Atkins.Intranet.SampleData\DeviationData.xml" />
    <TemplateFile Location="Layouts\Atkins.Intranet.SampleData\OfficeData.xml" />
    <TemplateFile Location="Layouts\Atkins.Intranet.SampleData\TemplateData.xml" />
  </TemplateFiles>
  <FeatureManifests>
    <FeatureManifest Location="Atkins.Intranet.SampleData_RootWebLists\Feature.xml" />
    <FeatureManifest Location="Atkins.Intranet.SampleData_HRWebLists\Feature.xml" />
    <FeatureManifest Location="Atkins.Intranet.SampleData_QSEWebLists\Feature.xml" />
  </FeatureManifests>
</Solution>
