﻿<?xml version="1.0" encoding="utf-8"?>
<Project Title="Atkins.Intranet.Portal" Revision="2" ListDir="" xmlns:ows="Microsoft SharePoint" xmlns="http://schemas.microsoft.com/sharepoint/">
  <NavBars>
    <NavBar Name="$Resources:core,category_Top;" Separator="&amp;nbsp;&amp;nbsp;&amp;nbsp;" Body="&lt;a ID='onettopnavbar#LABEL_ID#' href='#URL#' accesskey='J'&gt;#LABEL#&lt;/a&gt;" ID="1002" />
    <NavBar Name="$Resources:core,category_Documents;" Prefix="&lt;table border='0' cellpadding='4' cellspacing='0'&gt;" Body="&lt;tr&gt;&lt;td&gt;&lt;table border='0' cellpadding='0' cellspacing='0'&gt;&lt;tr&gt;&lt;td&gt;&lt;img src='/_layouts/images/blank.gif' id='100' alt='' border='0'&gt;&amp;nbsp;&lt;/td&gt;&lt;td valign='top'&gt;&lt;a id='onetleftnavbar#LABEL_ID#' href='#URL#'&gt;#LABEL#&lt;/td&gt;&lt;/tr&gt;&lt;/table&gt;&lt;/td&gt;&lt;/tr&gt;" Suffix="&lt;/table&gt;" ID="1004" />
    <NavBar Name="$Resources:core,category_Lists;" Prefix="&lt;table border='0' cellpadding='4' cellspacing='0'&gt;" Body="&lt;tr&gt;&lt;td&gt;&lt;table border='0' cellpadding='0' cellspacing='0'&gt;&lt;tr&gt;&lt;td&gt;&lt;img src='/_layouts/images/blank.gif' id='100' alt='' border='0'&gt;&amp;nbsp;&lt;/td&gt;&lt;td valign='top'&gt;&lt;a id='onetleftnavbar#LABEL_ID#' href='#URL#'&gt;#LABEL#&lt;/td&gt;&lt;/tr&gt;&lt;/table&gt;&lt;/td&gt;&lt;/tr&gt;" Suffix="&lt;/table&gt;" ID="1003" />
    <NavBar Name="$Resources:core,category_Discussions;" Prefix="&lt;table border='0' cellpadding='4' cellspacing='0'&gt;" Body="&lt;tr&gt;&lt;td&gt;&lt;table border='0' cellpadding='0' cellspacing='0'&gt;&lt;tr&gt;&lt;td&gt;&lt;img src='/_layouts/images/blank.gif' id='100' alt='' border='0'&gt;&amp;nbsp;&lt;/td&gt;&lt;td valign='top'&gt;&lt;a id='onetleftnavbar#LABEL_ID#' href='#URL#'&gt;#LABEL#&lt;/td&gt;&lt;/tr&gt;&lt;/table&gt;&lt;/td&gt;&lt;/tr&gt;" Suffix="&lt;/table&gt;" ID="1006" />
  </NavBars>
  <ListTemplates>
    <ListTemplate Name="mplib" DisplayName="$Resources:MasterPageGallery;" Description="$Resources:global_onet_mplib_desc;" SetupPath="global\lists\mplib" Type="116" BaseType="1" Path="GLOBAL" Hidden="TRUE" HiddenList="TRUE" NoCrawl="TRUE" Unique="TRUE" Catalog="TRUE" OnQuickLaunch="FALSE" SecurityBits="11" AllowDeletion="FALSE" AllowEveryoneViewItems="TRUE" Image="/_layouts/images/itdl.gif" AlwaysIncludeContent="TRUE" DocumentTemplate="100" />
  </ListTemplates>

  <DocumentTemplates>
    <DocumentTemplate Path="STS" Name="" DisplayName="$Resources:core,doctemp_None;" Type="100" Default="FALSE" Description="$Resources:core,doctemp_None_Desc;" />

    <DocumentTemplate Path="STS" DisplayName="$Resources:core,doctemp_Word;" Type="121" Default="TRUE" Description="$Resources:core,doctemp_Word_Desc;">
      <DocumentTemplateFiles>
        <DocumentTemplateFile Name="doctemp\word\wdtmpl.dotx" TargetName="Forms/template.dotx" Default="TRUE" />
      </DocumentTemplateFiles>
    </DocumentTemplate>

    <DocumentTemplate Path="STS" DisplayName="$Resources:core,doctemp_Excel;" Type="122" Description="$Resources:core,doctemp_Excel_Desc;">
      <DocumentTemplateFiles>
        <DocumentTemplateFile Name="doctemp\xl\xltmpl.xlsx" TargetName="Forms/template.xlsx" Default="TRUE" />
      </DocumentTemplateFiles>
    </DocumentTemplate>

    <DocumentTemplate Path="STS" DisplayName="$Resources:core,doctemp_Powerpoint;" Type="123" Description="$Resources:core,doctemp_Powerpoint_Desc;">
      <DocumentTemplateFiles>
        <DocumentTemplateFile Name="doctemp\ppt\pptmpl.pptx" TargetName="Forms/template.pptx" Default="TRUE" />
      </DocumentTemplateFiles>
    </DocumentTemplate>
  </DocumentTemplates>

  
  <Configurations>
    <Configuration ID="0" Name="Atkins.Intranet.Portal" MasterUrl="~SiteCollection/_catalogs/masterpage/AtkinsSystemMasterPage.master">
      <Lists>
        <List FeatureId="00BFEA71-D1CE-42de-9C63-A44004CE0104"
          Type="104" Title="$Resources:core,announceList;"
          Url="$Resources:core,lists_Folder;/$Resources:core,announce_Folder;">
        </List>
      </Lists>
      <SiteFeatures>
        <!-- Publishing Prerequisites -->
        <Feature ID="A392DA98-270B-4e85-9769-04C0FDE267AA" />

        <!-- SharePoint Server Publishing Infrastructure -->
        <Feature ID="F6924D36-2FA8-4f0b-B16D-06B7250180FA" />

        <!-- Publishing Resources -->
        <Feature ID="AEBC918D-B20F-4a11-A1DB-9ED84D79C87E">
          <Properties xmlns="http://schemas.microsoft.com/sharepoint/">
            <Property Key="AllowRss" Value="false" />
            <Property Key="SimplePublishing" Value="true" />
          </Properties>
        </Feature>

        <!--Atkins Design-->
        <Feature ID="90fc8f29-9537-4dab-860d-363c8fdb4d27" />

      </SiteFeatures>
      <WebFeatures>
        <!-- Publishing -->
        <Feature ID="22A9EF51-737B-4ff2-9346-694633FE4416">
          <Properties xmlns="http://schemas.microsoft.com/sharepoint/">
            <Property Key="WelcomePageUrl" Value="$Resources:cmscore,List_Pages_UrlName;/default.aspx" />
            <Property Key="ChromeMasterUrl" Value="~SiteCollection/_catalogs/masterpage/AtkinsPortalMasterPage.master" />
            <Property Key="AvailablePageLayouts" Value="~SiteCollection/_catalogs/masterpage/AtkinsStartPageLayout.aspx:~SiteCollection/_catalogs/masterpage/ArticleLeft.aspx:~SiteCollection/_catalogs/masterpage/ArticleLinks.aspx:~SiteCollection/_catalogs/masterpage/ArticleRight.aspx" />
            <Property Key="DefaultPageLayout" Value="~SiteCollection/_catalogs/masterpage/AtkinsStartPageLayout.aspx"/>
            <Property Key="SimplePublishing" Value="true" />
          </Properties>
        </Feature>

        <!-- PublishingWeb -->
        <Feature ID="94C94CA6-B32F-4da9-A9E3-1F3D343D7ECB" />

        <!-- Navigation Properties -->
        <Feature ID="541F5F57-C847-4e16-B59A-B31E90E6F9EA">
          <Properties xmlns="http://schemas.microsoft.com/sharepoint/">
            <Property Key="InheritGlobalNavigation" Value="true" />
            <Property Key="ShowSiblings" Value="true" />
            <Property Key="IncludeSubSites" Value="true" />
            <Property Key="IncludePages" Value="false" />
          </Properties>
        </Feature>

        <!-- TeamCollab Feature -->
        <Feature ID="00BFEA71-4EA5-48D4-A4AD-7EA5C011ABE5" />


        <!-- Enable Metadata navigation Feature -->
        <Feature ID="7201d6a4-a5d3-49a1-8c19-19c4bac6e668" />

        <!--Intranet Root Lists
        <Feature ID="df6a80ee-8cbe-4253-9cca-8f173a97b8dd"></Feature>
        -->

      </WebFeatures>
      <Modules>
        <Module Name="Start" />
      </Modules>
    </Configuration>

    <Configuration ID="1" Name="Atkins.Intranet.HR" MasterUrl="~SiteCollection/_catalogs/masterpage/AtkinsSubSiteMasterPage.master" CustomMasterUrl="~SiteCollection/_catalogs/masterpage/AtkinsSystemMasterPage.master" >
      <Lists>
        <List FeatureId="00BFEA71-E717-4E80-AA17-D0C71B360101"
          Type="101" Title="$Resources:core,shareddocuments_Title;"
          Url="$Resources:core,shareddocuments_Folder;"
          QuickLaunchUrl="$Resources:core,shareddocuments_Folder;/Forms/AllItems.aspx" />
        <List FeatureId="00BFEA71-6A49-43FA-B535-D15C05500108"
          Type="108" Title="$Resources:core,discussions_Title;"
          Url="$Resources:core,lists_Folder;/$Resources:core,discussions_Folder;"
          QuickLaunchUrl="$Resources:core,lists_Folder;/$Resources:core,discussions_Folder;/AllItems.aspx"
          EmailAlias="$Resources:core,discussions_EmailAlias;" />
        <List FeatureId="00BFEA71-D1CE-42de-9C63-A44004CE0104"
          Type="104" Title="$Resources:core,announceList;"
          Url="$Resources:core,lists_Folder;/$Resources:core,announce_Folder;">
        </List>
        <List FeatureId="00BFEA71-2062-426C-90BF-714C59600103"
          Type="103" Title="$Resources:core,linksList;"
          Url="$Resources:core,lists_Folder;/$Resources:core,links_Folder;" />
        <List FeatureId="00BFEA71-EC85-4903-972D-EBE475780106"
          Type="106" Title="$Resources:core,calendarList;"
          Url="$Resources:core,lists_Folder;/$Resources:core,calendar_Folder;"
          QuickLaunchUrl="$Resources:core,lists_Folder;/$Resources:core,calendar_Folder;/Calendar.aspx"
          EmailAlias="$Resources:core,calendar_EmailAlias;" />
        <List FeatureId="00BFEA71-A83E-497E-9BA0-7A5C597D0107"
          Type="107" Title="$Resources:core,taskList;"
          Url="$Resources:core,lists_Folder;/$Resources:core,tasks_Folder;"
          QuickLaunchUrl="$Resources:core,lists_Folder;/$Resources:core,tasks_Folder;/AllItems.aspx" />
      </Lists>


      <SiteFeatures>
        <!-- Publishing Prerequisites -->
        <Feature ID="A392DA98-270B-4e85-9769-04C0FDE267AA" />

        <!-- SharePoint Server Publishing Infrastructure -->
        <Feature ID="F6924D36-2FA8-4f0b-B16D-06B7250180FA" />

        <!-- Publishing Resources -->
        <Feature ID="AEBC918D-B20F-4a11-A1DB-9ED84D79C87E">
          <Properties xmlns="http://schemas.microsoft.com/sharepoint/">
            <Property Key="AllowRss" Value="false" />
            <Property Key="SimplePublishing" Value="true" />
          </Properties>
        </Feature>

        <!--Atkins Design-->
        <Feature ID="90fc8f29-9537-4dab-860d-363c8fdb4d27" />

      </SiteFeatures>
      
      <WebFeatures>
        <!-- Publishing -->
        <Feature ID="22A9EF51-737B-4ff2-9346-694633FE4416">
          <Properties xmlns="http://schemas.microsoft.com/sharepoint/">
            <Property Key="WelcomePageUrl" Value="$Resources:cmscore,List_Pages_UrlName;/default.aspx" />
            <Property Key="ChromeMasterUrl" Value="~SiteCollection/_catalogs/masterpage/AtkinsSubSiteMasterPage.master" />
            <Property Key="AvailablePageLayouts" Value="~SiteCollection/_catalogs/masterpage/AtkinsStartPageLayout.aspx:~SiteCollection/_catalogs/masterpage/ArticleLeft.aspx:~SiteCollection/_catalogs/masterpage/ArticleLinks.aspx:~SiteCollection/_catalogs/masterpage/ArticleRight.aspx" />
            <Property Key="DefaultPageLayout" Value="~SiteCollection/_catalogs/masterpage/AtkinsStartPageLayout.aspx"/>
            <Property Key="SimplePublishing" Value="true" />
          </Properties>
        </Feature>

        <!-- PublishingWeb -->
        <Feature ID="94C94CA6-B32F-4da9-A9E3-1F3D343D7ECB" />

        <!-- Navigation Properties -->
        <Feature ID="541F5F57-C847-4e16-B59A-B31E90E6F9EA">
          <Properties xmlns="http://schemas.microsoft.com/sharepoint/">
            <Property Key="InheritGlobalNavigation" Value="true" />
            <Property Key="ShowSiblings" Value="true" />
            <Property Key="IncludeSubSites" Value="true" />
            <Property Key="IncludePages" Value="false" />
          </Properties>
        </Feature>

        <!-- TeamCollab Feature -->
        <Feature ID="00BFEA71-4EA5-48D4-A4AD-7EA5C011ABE5" />


        
        <!-- Enable Metadata navigation Feature -->
        <Feature ID="7201d6a4-a5d3-49a1-8c19-19c4bac6e668" />

        <!--HR Lists-->
        <Feature ID="d6c619a0-febe-40a9-8520-b1f76d214b06"></Feature>
        <!--<Feature ID="08636772-0489-40fe-82bf-651ef3ec281e"></Feature>-->
        
      </WebFeatures>
      <Modules>
        <Module Name="HRSite" />
      </Modules>
    </Configuration>


    <Configuration ID="2" Name="Atkins.Intranet.QSE" MasterUrl="~SiteCollection/_catalogs/masterpage/AtkinsSubSiteMasterPage.master" CustomMasterUrl="~SiteCollection/_catalogs/masterpage/AtkinsSystemMasterPage.master" >
    <Lists>
        <List FeatureId="00BFEA71-E717-4E80-AA17-D0C71B360101"
          Type="101" Title="$Resources:core,shareddocuments_Title;"
          Url="$Resources:core,shareddocuments_Folder;"
          QuickLaunchUrl="$Resources:core,shareddocuments_Folder;/Forms/AllItems.aspx" />
        <List FeatureId="00BFEA71-6A49-43FA-B535-D15C05500108"
          Type="108" Title="$Resources:core,discussions_Title;"
          Url="$Resources:core,lists_Folder;/$Resources:core,discussions_Folder;"
          QuickLaunchUrl="$Resources:core,lists_Folder;/$Resources:core,discussions_Folder;/AllItems.aspx"
          EmailAlias="$Resources:core,discussions_EmailAlias;" />
        <List FeatureId="00BFEA71-D1CE-42de-9C63-A44004CE0104"
          Type="104" Title="$Resources:core,announceList;"
          Url="$Resources:core,lists_Folder;/$Resources:core,announce_Folder;">
        </List>
        <List FeatureId="00BFEA71-2062-426C-90BF-714C59600103"
          Type="103" Title="$Resources:core,linksList;"
          Url="$Resources:core,lists_Folder;/$Resources:core,links_Folder;" />
        <List FeatureId="00BFEA71-EC85-4903-972D-EBE475780106"
          Type="106" Title="$Resources:core,calendarList;"
          Url="$Resources:core,lists_Folder;/$Resources:core,calendar_Folder;"
          QuickLaunchUrl="$Resources:core,lists_Folder;/$Resources:core,calendar_Folder;/Calendar.aspx"
          EmailAlias="$Resources:core,calendar_EmailAlias;" />
        <List FeatureId="00BFEA71-A83E-497E-9BA0-7A5C597D0107"
          Type="107" Title="$Resources:core,taskList;"
          Url="$Resources:core,lists_Folder;/$Resources:core,tasks_Folder;"
          QuickLaunchUrl="$Resources:core,lists_Folder;/$Resources:core,tasks_Folder;/AllItems.aspx" />
      </Lists>


      <SiteFeatures>
        <!-- Publishing Prerequisites -->
        <Feature ID="A392DA98-270B-4e85-9769-04C0FDE267AA" />

        <!-- SharePoint Server Publishing Infrastructure -->
        <Feature ID="F6924D36-2FA8-4f0b-B16D-06B7250180FA" />

        <!-- Publishing Resources -->
        <Feature ID="AEBC918D-B20F-4a11-A1DB-9ED84D79C87E">
          <Properties xmlns="http://schemas.microsoft.com/sharepoint/">
            <Property Key="AllowRss" Value="false" />
            <Property Key="SimplePublishing" Value="true" />
          </Properties>
        </Feature>

        <!--Atkins Design-->
        <Feature ID="90fc8f29-9537-4dab-860d-363c8fdb4d27" />

      </SiteFeatures>

      <WebFeatures>
        <!-- Publishing -->
        <Feature ID="22A9EF51-737B-4ff2-9346-694633FE4416">
          <Properties xmlns="http://schemas.microsoft.com/sharepoint/">
            <Property Key="WelcomePageUrl" Value="$Resources:cmscore,List_Pages_UrlName;/default.aspx" />
            <Property Key="ChromeMasterUrl" Value="~SiteCollection/_catalogs/masterpage/AtkinsSubSiteMasterPage.master" />
            <Property Key="AvailablePageLayouts" Value="~SiteCollection/_catalogs/masterpage/AtkinsStartPageLayout.aspx:~SiteCollection/_catalogs/masterpage/ArticleLeft.aspx:~SiteCollection/_catalogs/masterpage/ArticleLinks.aspx:~SiteCollection/_catalogs/masterpage/ArticleRight.aspx" />
            <Property Key="DefaultPageLayout" Value="~SiteCollection/_catalogs/masterpage/AtkinsStartPageLayout.aspx"/>
            <Property Key="SimplePublishing" Value="true" />
          </Properties>
        </Feature>

        <!-- PublishingWeb -->
        <Feature ID="94C94CA6-B32F-4da9-A9E3-1F3D343D7ECB" />

        <!-- Navigation Properties -->
        <Feature ID="541F5F57-C847-4e16-B59A-B31E90E6F9EA">
          <Properties xmlns="http://schemas.microsoft.com/sharepoint/">
            <Property Key="InheritGlobalNavigation" Value="true" />
            <Property Key="ShowSiblings" Value="true" />
            <Property Key="IncludeSubSites" Value="true" />
            <Property Key="IncludePages" Value="false" />
          </Properties>
        </Feature>

        <!-- TeamCollab Feature -->
        <Feature ID="00BFEA71-4EA5-48D4-A4AD-7EA5C011ABE5" />

        <!-- Enable Metadata navigation Feature -->
        <Feature ID="7201d6a4-a5d3-49a1-8c19-19c4bac6e668" />
        

      </WebFeatures>
      <Modules>
        <Module Name="QSESite" />
      </Modules>
    </Configuration>


    <Configuration ID="3" Name="Atkins.Intranet.Finance" MasterUrl="~SiteCollection/_catalogs/masterpage/AtkinsSubSiteMasterPage.master" CustomMasterUrl="~SiteCollection/_catalogs/masterpage/AtkinsSystemMasterPage.master" >
      <Lists>
        <List FeatureId="00BFEA71-E717-4E80-AA17-D0C71B360101"
          Type="101" Title="$Resources:core,shareddocuments_Title;"
          Url="$Resources:core,shareddocuments_Folder;"
          QuickLaunchUrl="$Resources:core,shareddocuments_Folder;/Forms/AllItems.aspx" />
        <List FeatureId="00BFEA71-6A49-43FA-B535-D15C05500108"
          Type="108" Title="$Resources:core,discussions_Title;"
          Url="$Resources:core,lists_Folder;/$Resources:core,discussions_Folder;"
          QuickLaunchUrl="$Resources:core,lists_Folder;/$Resources:core,discussions_Folder;/AllItems.aspx"
          EmailAlias="$Resources:core,discussions_EmailAlias;" />
        <List FeatureId="00BFEA71-D1CE-42de-9C63-A44004CE0104"
          Type="104" Title="$Resources:core,announceList;"
          Url="$Resources:core,lists_Folder;/$Resources:core,announce_Folder;">
        </List>
        <List FeatureId="00BFEA71-2062-426C-90BF-714C59600103"
          Type="103" Title="$Resources:core,linksList;"
          Url="$Resources:core,lists_Folder;/$Resources:core,links_Folder;" />
        <List FeatureId="00BFEA71-EC85-4903-972D-EBE475780106"
          Type="106" Title="$Resources:core,calendarList;"
          Url="$Resources:core,lists_Folder;/$Resources:core,calendar_Folder;"
          QuickLaunchUrl="$Resources:core,lists_Folder;/$Resources:core,calendar_Folder;/Calendar.aspx"
          EmailAlias="$Resources:core,calendar_EmailAlias;" />
        <List FeatureId="00BFEA71-A83E-497E-9BA0-7A5C597D0107"
          Type="107" Title="$Resources:core,taskList;"
          Url="$Resources:core,lists_Folder;/$Resources:core,tasks_Folder;"
          QuickLaunchUrl="$Resources:core,lists_Folder;/$Resources:core,tasks_Folder;/AllItems.aspx" />
      </Lists>


      <SiteFeatures>
        <!-- Publishing Prerequisites -->
        <Feature ID="A392DA98-270B-4e85-9769-04C0FDE267AA" />

        <!-- SharePoint Server Publishing Infrastructure -->
        <Feature ID="F6924D36-2FA8-4f0b-B16D-06B7250180FA" />

        <!-- Publishing Resources -->
        <Feature ID="AEBC918D-B20F-4a11-A1DB-9ED84D79C87E">
          <Properties xmlns="http://schemas.microsoft.com/sharepoint/">
            <Property Key="AllowRss" Value="false" />
            <Property Key="SimplePublishing" Value="true" />
          </Properties>
        </Feature>

        <!--Atkins Design-->
        <Feature ID="90fc8f29-9537-4dab-860d-363c8fdb4d27" />

      </SiteFeatures>

      <WebFeatures>
        <!-- Publishing -->
        <Feature ID="22A9EF51-737B-4ff2-9346-694633FE4416">
          <Properties xmlns="http://schemas.microsoft.com/sharepoint/">
            <Property Key="WelcomePageUrl" Value="$Resources:cmscore,List_Pages_UrlName;/default.aspx" />
            <Property Key="ChromeMasterUrl" Value="~SiteCollection/_catalogs/masterpage/AtkinsSubSiteMasterPage.master" />
            <Property Key="AvailablePageLayouts" Value="~SiteCollection/_catalogs/masterpage/AtkinsStartPageLayout.aspx:~SiteCollection/_catalogs/masterpage/ArticleLeft.aspx:~SiteCollection/_catalogs/masterpage/ArticleLinks.aspx:~SiteCollection/_catalogs/masterpage/ArticleRight.aspx" />
            <Property Key="DefaultPageLayout" Value="~SiteCollection/_catalogs/masterpage/AtkinsStartPageLayout.aspx"/>
            <Property Key="SimplePublishing" Value="true" />
          </Properties>
        </Feature>

        <!-- PublishingWeb -->
        <Feature ID="94C94CA6-B32F-4da9-A9E3-1F3D343D7ECB" />

        <!-- Navigation Properties -->
        <Feature ID="541F5F57-C847-4e16-B59A-B31E90E6F9EA">
          <Properties xmlns="http://schemas.microsoft.com/sharepoint/">
            <Property Key="InheritGlobalNavigation" Value="true" />
            <Property Key="ShowSiblings" Value="true" />
            <Property Key="IncludeSubSites" Value="true" />
            <Property Key="IncludePages" Value="false" />
          </Properties>
        </Feature>

        <!-- TeamCollab Feature -->
        <Feature ID="00BFEA71-4EA5-48D4-A4AD-7EA5C011ABE5" />

        <!-- Enable Metadata navigation Feature -->
        <Feature ID="7201d6a4-a5d3-49a1-8c19-19c4bac6e668" />

      </WebFeatures>
      <Modules>
        <Module Name="FinanceSite" />
      </Modules>
    </Configuration>
    
    
  </Configurations>
  
  <Modules>
    <Module Name="Start" Url="$Resources:cmscore,List_Pages_UrlName;" Path="">
      <File Url="default.aspx" Type="GhostableInLibrary">
        <Property Name="Title" Value="Atkins - Intranet" />        
        <Property Name="ContentType" Value="$Resources:cmscore,contenttype_welcomepage_name;" />        
        <Property Name="PublishingPageLayout" Value="~SiteCollection/_catalogs/masterpage/AtkinsStartPageLayout.aspx, Welcome page" />
     
      </File>
    </Module>


    <Module Name="HRSite" Url="$Resources:cmscore,List_Pages_UrlName;" Path="">
      <File Url="default.aspx" Type="GhostableInLibrary">
        <Property Name="Title" Value="Atkins - HR" />
        <Property Name="ContentType" Value="$Resources:cmscore,contenttype_welcomepage_name;" />
        <Property Name="PublishingPageLayout" Value="~SiteCollection/_catalogs/masterpage/AtkinsSubStartPageLayout.aspx, Welcome page" />
      </File>
    </Module>
    <!--<Module Name="MasterPages" List="116" Url="_catalogs/masterpage" RootWebOnly="FALSE">
    <File Url="AtkinsPortalMasterPage.master" Type="GhostableInLibrary" Path="AtkinsPortalMasterPage/AtkinsPortalMasterPage.master" >
    </File>
    </Module>-->
    <Module Name="QSESite" Url="$Resources:cmscore,List_Pages_UrlName;" Path="">
      <File Url="default.aspx" Type="GhostableInLibrary">
        <Property Name="Title" Value="Atkins - QSE" />
        <Property Name="ContentType" Value="$Resources:cmscore,contenttype_welcomepage_name;" />
        <Property Name="PublishingPageLayout" Value="~SiteCollection/_catalogs/masterpage/AtkinsSubStartPageLayout.aspx, Welcome page" />
      </File>
    </Module>

    <Module Name="FinanceSite" Url="$Resources:cmscore,List_Pages_UrlName;" Path="">
      <File Url="default.aspx" Type="GhostableInLibrary">
        <Property Name="Title" Value="Atkins - Finans" />
        <Property Name="ContentType" Value="$Resources:cmscore,contenttype_welcomepage_name;" />
        <Property Name="PublishingPageLayout" Value="~SiteCollection/_catalogs/masterpage/AtkinsSubStartPageLayout.aspx, Welcome page" />
      </File>
    </Module>
    
    
  </Modules>
  
</Project>