<?xml version="1.0" encoding="utf-8"?>
<Elements xmlns="http://schemas.microsoft.com/sharepoint/">
  <Receivers ListUrl="Lists/Employees">
      <Receiver>
        <Name>ContactTaskEventReceiverItemAdded</Name>
        <Type>ItemAdded</Type>
        <Assembly>Atkins.Intranet.HR, Version=1.0.0.0, Culture=neutral, PublicKeyToken=d815e360c31c37e0</Assembly>
        <Class>Atkins.Intranet.HR.ContactTaskEventReceiver.ContactTaskEventReceiver</Class>
        <SequenceNumber>10000</SequenceNumber>
      </Receiver>
      <Receiver>
        <Name>ContactTaskEventReceiverItemUpdating</Name>
        <Type>ItemUpdating</Type>
        <Assembly>Atkins.Intranet.HR, Version=1.0.0.0, Culture=neutral, PublicKeyToken=d815e360c31c37e0</Assembly>
        <Class>Atkins.Intranet.HR.ContactTaskEventReceiver.ContactTaskEventReceiver</Class>
        <SequenceNumber>10000</SequenceNumber>
      </Receiver>
    <Receiver>
      <Name>ContactTaskEventReceiverItemUpdated</Name>
      <Type>ItemUpdated</Type>
      <Assembly>Atkins.Intranet.HR, Version=1.0.0.0, Culture=neutral, PublicKeyToken=d815e360c31c37e0</Assembly>
      <Class>Atkins.Intranet.HR.ContactTaskEventReceiver.ContactTaskEventReceiver</Class>
      <SequenceNumber>10000</SequenceNumber>
    </Receiver>

  </Receivers>
</Elements>
