﻿<?xml version="1.0" encoding="utf-8"?>
<Feature xmlns="http://schemas.microsoft.com/sharepoint/" Title="Atkins.Intranet.Portal Page Layouts" Id="90fc8f29-9537-4dab-860d-363c8fdb4d27" Scope="Site">
  <ElementManifests>
    <ElementManifest Location="AtkinsStartPageLayout\Elements.xml" />
    <ElementFile Location="AtkinsStartPageLayout\AtkinsStartPageLayout.aspx" />
    <ElementManifest Location="AtkinsPortalMasterPage\Elements.xml" />
    <ElementFile Location="AtkinsPortalMasterPage\AtkinsPortalMasterPage.master" />
    <ElementManifest Location="SystemMasterPage\Elements.xml" />
    <ElementFile Location="SystemMasterPage\AtkinsSystemMasterPage.master" />
  </ElementManifests>
</Feature>